hood_length,hood_width,hood_thickness,material_density,youngs_modulus,poisson_ratio,yield_strength,impact_velocity,impact_angle,hood_mass,stiffness,energy_absorption,hic_value
1162.18,1618.9,0.767,5110.67,88.18,0.374,419.08,7.82,67.16,15.19,51490.84,970.62,3000.0
1565.5,1521.66,1.088,4879.25,85.75,0.365,468.67,10.19,74.16,14.16,57874.85,456.28,3000.0
1412.4,1385.72,1.386,2248.72,194.53,0.336,250.19,11.09,72.8,11.46,88363.79,656.14,3000.0
1319.06,1688.28,1.259,4079.24,86.18,0.393,399.95,6.64,54.62,8.08,47200.35,941.2,3000.0
1009.21,1610.84,1.326,4305.13,89.87,0.28,378.7,10.63,54.48,13.95,89571.97,741.26,3000.0
1009.2,1297.57,1.193,4413.17,170.3,0.266,483.13,9.36,58.05,11.43,27050.75,599.94,3000.0
940.66,1746.56,1.223,5465.0,119.21,0.378,512.43,10.98,60.83,16.82,82143.87,954.55,3000.0
1506.32,1693.52,1.364,5194.89,173.16,0.316,154.86,8.64,62.25,8.29,87803.81,755.09,3000.0
1320.78,1769.88,0.825,5625.85,55.79,0.377,419.61,10.4,70.39,15.02,34545.41,683.92,3000.0
1395.65,1635.43,1.04,6536.32,125.45,0.384,170.73,6.79,51.7,19.3,54427.72,910.38,3000.0
914.41,1568.05,0.799,6815.32,50.55,0.259,369.54,8.04,51.04,10.09,33239.98,546.61,3000.0
1578.94,1450.95,1.489,6265.11,55.34,0.383,265.05,6.81,61.76,13.66,76528.33,1420.52,3000.0
1482.71,1759.64,1.45,7642.04,194.56,0.317,272.71,10.99,70.91,9.1,62827.82,1354.47,3000.0
1048.64,1719.64,0.635,2205.75,67.98,0.327,291.18,10.26,55.8,15.51,70825.87,1178.38,3000.0
1027.28,1227.13,1.235,3235.51,132.85,0.344,398.52,10.42,69.25,14.61,35718.96,516.84,3000.0
1028.38,1215.82,1.433,2143.86,112.83,0.389,283.62,10.81,57.79,12.89,36939.67,1253.46,3000.0
1112.97,1425.88,0.763,5855.35,102.31,0.253,443.08,6.89,76.58,14.26,23319.79,1288.75,3000.0
1267.33,1686.33,1.111,7308.58,193.47,0.322,311.81,8.27,76.87,18.76,45765.4,1244.54,3000.0
1202.36,1792.37,1.424,3512.2,48.6,0.353,177.34,6.83,58.92,10.36,64779.57,525.36,3000.0
1103.86,1290.25,0.631,7476.8,154.53,0.358,463.5,7.47,56.9,8.27,88634.79,1108.3,3000.0
1328.3,1556.48,1.228,2449.55,203.96,0.354,264.3,7.56,62.34,18.34,73354.2,1317.76,3000.0
997.65,1428.53,0.868,7519.73,137.43,0.27,323.11,8.66,57.22,14.93,54831.71,1035.09,3000.0
1104.5,1781.95,1.432,4139.41,199.58,0.295,424.18,7.74,70.17,18.69,96249.61,1111.05,3000.0
1156.45,1705.27,1.474,2688.24,53.62,0.304,282.98,6.96,74.78,15.16,77539.62,904.2,3000.0
1219.25,1703.0,1.45,4918.06,114.1,0.371,172.63,7.27,70.19,17.72,94413.22,981.58,3000.0
1449.62,1481.22,1.027,3589.3,87.93,0.292,299.57,7.18,74.73,13.16,62207.04,437.81,3000.0
1039.77,1448.89,1.376,3752.26,165.59,0.282,527.78,10.98,61.91,17.0,40712.34,1102.86,3000.0
1259.96,1364.04,1.36,3882.28,206.91,0.394,406.69,9.99,54.69,18.96,24226.13,489.59,3000.0
1314.69,1233.83,0.887,6757.55,87.33,0.251,418.59,10.95,72.14,14.87,78086.79,878.52,3000.0
932.52,1718.83,1.346,5227.14,152.94,0.4,402.91,8.52,60.81,10.17,29704.24,721.92,3000.0
1325.28,1687.74,0.633,3905.58,77.69,0.352,229.6,7.78,70.14,11.23,44222.01,999.97,3000.0
1019.37,1799.83,1.137,5639.94,138.28,0.374,317.33,10.17,58.12,10.38,62597.67,546.76,3000.0
945.54,1797.98,0.807,6253.67,121.55,0.294,450.38,8.0,52.44,10.96,65153.33,1160.81,3000.0
1564.22,1533.26,0.709,3681.22,205.38,0.252,190.55,7.88,79.78,11.68,68046.66,1274.51,3000.0
1575.94,1661.39,0.669,4498.58,145.41,0.361,261.14,7.57,54.69,14.66,33300.43,579.69,3000.0
1465.88,1766.86,1.227,2806.94,102.67,0.375,260.53,7.1,79.65,15.06,50378.99,514.74,3000.0
1113.23,1709.79,0.906,3150.67,63.83,0.361,322.81,7.68,79.32,13.12,69375.54,560.07,3000.0
968.37,1348.41,1.252,6050.48,69.96,0.271,542.15,8.13,73.81,15.39,97585.51,1364.84,3000.0
1378.96,1470.33,0.659,3152.34,82.18,0.363,177.0,9.6,69.78,8.98,78210.49,981.01,3000.0
1208.11,1277.5,0.884,5145.95,86.41,0.365,357.48,6.79,67.33,9.05,93808.3,913.99,3000.0
985.43,1772.43,1.086,6212.47,185.35,0.349,221.75,7.47,75.98,10.06,80976.96,517.38,3000.0
1246.62,1563.7,1.312,2719.89,137.6,0.365,538.27,10.22,58.68,14.22,67337.36,1114.51,3000.0
924.07,1337.19,0.887,5390.41,131.36,0.377,195.32,7.18,64.03,10.57,35361.87,1354.8,3000.0
1536.52,1603.02,1.163,3588.06,63.94,0.342,311.44,8.08,68.58,11.4,73334.85,1311.0,3000.0
1081.15,1570.88,1.397,7684.98,186.92,0.263,445.15,10.48,62.34,12.8,69870.37,1088.66,3000.0
1363.77,1414.9,1.154,4904.56,164.26,0.323,431.82,7.21,62.82,17.74,68197.53,482.81,3000.0
1118.2,1268.13,0.81,6774.76,56.17,0.262,319.09,6.88,59.91,8.17,59182.87,523.64,3000.0
1264.05,1602.94,0.622,5291.31,161.79,0.311,288.61,8.73,66.93,15.79,62292.53,454.24,3000.0
1282.7,1512.18,1.383,2351.79,134.68,0.311,309.04,7.89,75.52,16.03,46755.4,683.23,3000.0
1029.4,1663.39,0.619,5772.28,58.48,0.26,255.71,9.09,56.05,17.58,61545.02,549.23,3000.0
1578.71,1512.1,1.387,7618.14,120.62,0.302,232.13,10.2,78.03,19.19,35804.47,686.05,3000.0
1442.59,1711.31,1.076,5589.35,124.97,0.267,343.22,7.13,70.67,8.24,84413.95,823.56,3000.0
1557.65,1531.14,1.445,6851.3,72.35,0.371,257.41,9.17,74.7,9.85,34862.16,1437.28,3000.0
1526.38,1536.56,1.319,7228.4,201.04,0.392,264.98,8.83,66.69,18.63,26797.3,1071.41,3000.0
1318.53,1725.99,1.498,3422.86,185.25,0.261,412.7,7.16,73.39,13.5,54899.68,1318.47,3000.0
1545.31,1442.09,0.916,3329.86,155.39,0.393,537.41,9.37,50.49,14.78,72664.6,1181.39,3000.0
961.94,1280.41,1.29,5643.69,121.28,0.328,391.45,7.76,74.55,15.96,55017.35,523.75,3000.0
1037.19,1217.27,0.962,4483.97,112.94,0.295,180.79,8.74,51.2,16.15,42140.33,1209.51,3000.0
931.66,1653.08,1.032,6971.2,152.41,0.262,180.23,6.88,76.7,19.18,64653.69,702.61,3000.0
1127.73,1572.19,1.165,7320.13,135.0,0.325,530.57,8.61,79.76,19.96,47760.19,1103.02,3000.0
1172.07,1622.45,1.386,4149.84,55.28,0.369,268.92,7.91,58.82,16.64,94629.42,775.06,3000.0
1089.94,1327.78,1.486,3473.85,129.56,0.356,186.83,10.28,56.31,11.45,93811.61,1497.44,3000.0
1480.12,1281.82,1.291,6627.05,178.06,0.258,389.62,6.76,72.96,18.56,60189.75,689.91,3000.0
1149.73,1208.73,0.976,3693.88,120.77,0.261,399.46,8.43,57.59,8.59,46230.72,707.04,3000.0
1096.65,1410.35,0.979,6871.16,53.57,0.31,409.4,8.61,75.97,10.77,78970.59,1423.74,3000.0
1279.89,1553.95,1.264,4557.68,174.74,0.294,256.96,9.84,53.09,18.77,22937.04,427.11,3000.0
998.65,1435.35,0.815,5971.79,78.23,0.285,156.04,9.14,53.78,11.07,57981.52,1166.36,3000.0
1461.54,1462.48,0.699,2654.1,87.67,0.292,536.01,9.57,79.37,10.65,46905.87,1197.86,3000.0
952.19,1742.5,0.919,5718.38,72.18,0.371,250.36,10.07,70.22,9.66,93642.87,1320.02,3000.0
1590.82,1408.95,0.859,4720.25,99.49,0.389,420.41,10.47,75.41,18.31,20960.24,1471.88,3000.0
1440.57,1508.39,0.867,5502.33,169.86,0.311,432.65,7.94,59.73,14.0,64225.19,1473.16,3000.0
1039.1,1670.19,0.81,3074.48,130.7,0.386,394.0,8.97,70.29,16.1,79253.09,471.8,3000.0
903.87,1437.93,0.638,6373.87,78.81,0.298,275.16,10.36,67.83,10.87,58801.44,1304.02,3000.0
1470.82,1573.25,0.616,7104.22,189.84,0.321,258.44,11.05,68.09,17.1,26832.24,1110.94,3000.0
1394.8,1717.42,1.489,3357.09,190.13,0.284,389.07,10.59,70.48,17.12,97796.91,1112.08,3000.0
1410.31,1769.71,0.985,2655.14,188.65,0.346,496.44,8.21,67.26,11.75,61440.83,541.18,3000.0
1439.89,1288.24,0.946,2237.1,84.4,0.397,528.69,7.4,62.87,12.93,69134.9,1115.21,3000.0
951.83,1755.95,1.212,5823.43,119.45,0.341,192.36,8.75,58.28,10.52,38928.78,1480.73,3000.0
1150.93,1495.27,0.796,5621.15,207.52,0.304,211.93,9.91,73.06,19.72,58679.85,1403.0,3000.0
981.11,1354.95,1.455,5270.84,172.38,0.347,527.89,8.77,56.79,15.75,54331.96,883.04,3000.0
1504.17,1475.48,1.308,3445.29,49.48,0.268,444.61,8.72,70.77,19.21,25991.67,443.94,3000.0
1336.31,1788.02,0.68,4367.25,55.76,0.383,503.2,10.36,57.0,11.64,28492.83,798.52,3000.0
1131.63,1495.57,0.976,5547.96,121.55,0.325,231.05,8.16,68.76,17.38,86997.8,1309.03,3000.0
944.49,1397.25,1.391,4981.25,195.02,0.317,385.03,10.46,72.41,17.19,39185.6,1171.65,3000.0
1117.69,1580.04,1.45,7829.16,133.89,0.338,430.46,8.37,56.56,16.3,35596.66,905.28,3000.0
1127.63,1344.09,1.021,2891.35,127.14,0.344,422.04,8.01,51.8,19.59,60392.92,460.61,3000.0
1410.72,1245.52,1.152,6131.84,62.4,0.261,313.26,8.59,53.93,12.72,81499.77,869.58,3000.0
1346.29,1277.33,0.75,4445.05,153.37,0.352,156.16,10.01,68.18,9.57,24955.72,915.93,3000.0
1521.05,1276.83,1.492,4583.56,180.65,0.286,383.17,7.08,75.48,16.06,66144.63,1421.41,3000.0
1230.55,1291.14,0.809,6262.07,107.77,0.357,251.24,7.4,51.35,16.75,29536.84,1105.19,3000.0
983.72,1283.3,1.448,6116.13,172.98,0.373,330.1,10.88,72.02,14.9,22916.88,742.82,3000.0
1399.27,1584.52,1.185,7849.28,204.14,0.371,533.03,7.31,60.24,10.48,24219.52,977.85,3000.0
1432.55,1309.13,1.147,2844.69,78.62,0.333,309.61,9.11,64.36,14.05,86733.13,472.66,3000.0
1292.89,1407.4,1.061,2703.84,131.35,0.328,485.92,9.16,77.87,11.75,29437.8,1469.83,3000.0
1439.68,1738.07,0.808,6301.17,92.38,0.271,225.42,8.75,59.96,13.13,23612.11,796.07,3000.0
1245.66,1484.38,0.759,5454.64,175.82,0.366,418.98,9.47,63.96,15.74,55031.99,925.65,3000.0
1265.91,1600.53,0.798,3690.13,140.3,0.291,540.8,7.56,50.41,16.94,87519.48,790.81,3000.0
1199.28,1303.39,0.768,2560.63,149.71,0.325,190.76,9.04,52.45,10.79,40992.67,1150.76,3000.0
917.79,1315.37,1.302,2596.82,176.66,0.293,153.33,8.21,57.76,12.86,53737.01,1128.46,3000.0
975.52,1224.52,0.915,7286.31,110.34,0.27,323.43,9.54,50.84,11.23,23193.8,1186.85,3000.0
922.0,1301.36,0.652,3212.83,195.99,0.344,187.05,7.15,68.94,10.38,55926.28,694.96,3000.0
1345.49,1367.15,1.472,3975.56,132.95,0.258,449.35,9.13,62.79,17.4,66209.05,747.24,3000.0
1120.05,1306.21,1.395,3414.61,71.06,0.362,515.82,7.35,66.44,18.91,65672.56,537.78,3000.0
1256.0,1253.22,1.435,4158.98,159.82,0.298,323.61,7.78,55.24,12.44,46594.14,1121.06,3000.0
1535.3,1272.38,1.495,2502.66,175.89,0.25,253.48,7.51,58.88,17.02,45242.65,443.78,3000.0
1074.5,1476.47,0.757,5110.55,97.27,0.327,323.76,7.34,69.91,18.76,28529.89,1057.45,3000.0
1187.27,1323.8,0.957,2492.15,186.43,0.257,439.38,10.3,78.96,18.15,49343.87,1356.67,3000.0
1428.89,1418.56,1.282,6742.07,194.51,0.291,153.62,7.81,51.51,10.19,27959.57,1379.92,3000.0
1060.16,1502.05,1.226,3455.53,90.69,0.356,385.78,10.76,76.71,19.48,81327.68,893.94,3000.0
953.89,1614.24,0.739,5232.07,207.28,0.259,395.32,10.96,67.31,12.52,97301.94,905.23,3000.0
1102.83,1223.59,1.334,7204.46,68.22,0.376,405.08,9.13,66.92,12.07,97605.96,484.67,3000.0
1012.85,1679.65,0.802,5875.09,78.33,0.251,246.81,7.16,65.01,8.75,89205.69,1137.84,3000.0
1550.79,1576.74,0.801,5191.16,75.4,0.287,435.62,8.22,52.08,13.83,68063.37,1303.39,3000.0
1465.68,1249.06,1.083,3981.14,192.51,0.361,186.56,10.17,52.7,9.31,76069.26,669.12,3000.0
1343.38,1724.15,1.134,4031.41,152.96,0.297,229.71,8.19,68.03,10.98,42816.46,863.43,3000.0
1510.02,1752.52,1.122,5983.02,70.1,0.265,500.99,6.9,60.23,11.8,70461.63,1322.72,3000.0
1462.57,1236.65,0.682,7866.01,117.65,0.304,445.49,9.06,77.52,17.71,56451.96,1364.83,3000.0
1030.6,1366.13,1.39,5938.67,146.52,0.291,155.5,10.39,62.2,18.51,58561.39,667.5,3000.0
1524.79,1683.72,0.839,5335.14,58.77,0.376,249.35,10.16,54.3,11.63,80622.12,1005.63,3000.0
1277.54,1648.96,0.717,6337.77,190.6,0.297,235.76,7.31,71.44,18.3,42553.47,611.74,3000.0
1465.21,1310.71,1.4,4798.19,177.59,0.368,258.32,9.59,58.8,18.29,45443.17,512.07,3000.0
1527.26,1325.61,1.46,2448.83,128.36,0.384,249.02,7.51,65.76,17.18,93971.34,1402.23,3000.0
1122.6,1422.28,1.376,5361.32,204.58,0.315,175.01,7.5,70.93,9.76,24497.94,1302.56,3000.0
977.04,1490.71,1.329,7654.23,113.93,0.386,333.58,10.52,77.01,16.28,58850.74,1236.04,3000.0
1059.55,1570.95,1.19,3116.76,207.38,0.307,443.09,7.65,73.77,19.34,93024.06,453.64,3000.0
1198.98,1421.35,1.096,6102.03,155.21,0.395,392.69,7.71,70.29,16.19,68829.04,1328.1,3000.0
1472.61,1477.52,0.678,3265.42,149.72,0.263,419.15,6.5,70.39,11.98,63712.57,881.85,3000.0
1502.51,1648.48,0.968,5207.8,72.38,0.353,182.46,10.51,78.38,14.01,39979.53,776.63,3000.0
904.87,1222.01,0.935,2660.72,190.52,0.324,530.6,10.15,58.87,15.75,47462.04,1001.12,3000.0
1257.52,1351.46,0.834,4712.15,115.54,0.308,485.4,9.39,50.03,14.13,88163.87,500.49,3000.0
1192.19,1628.01,1.251,6485.75,71.77,0.345,472.04,9.95,58.16,9.44,64737.45,1232.31,3000.0
1055.48,1737.12,1.046,4115.91,47.08,0.356,479.19,7.2,56.54,11.74,61179.38,1040.68,3000.0
983.91,1507.01,0.673,5956.49,137.36,0.251,523.08,8.61,69.86,17.63,27966.38,605.25,3000.0
1136.33,1519.27,0.798,6713.61,132.02,0.275,367.7,8.12,69.01,18.34,21282.25,607.06,3000.0
1560.04,1264.3,1.215,7477.63,163.69,0.357,230.11,6.93,67.8,9.65,97094.82,602.67,3000.0
1126.24,1468.45,0.669,3460.92,191.89,0.35,396.71,8.74,50.49,19.43,50158.89,462.7,3000.0
1263.15,1519.57,1.366,4416.03,58.1,0.395,447.15,10.74,71.86,11.95,68257.04,1046.58,3000.0
1392.11,1345.48,1.046,2984.01,165.7,0.364,445.17,6.68,59.71,15.95,26377.21,1324.38,3000.0
1154.54,1361.55,1.033,7856.4,75.92,0.393,358.58,7.84,69.95,17.02,74649.14,419.25,3000.0
1580.25,1426.37,1.133,7476.61,186.6,0.355,177.38,7.45,66.7,17.74,94605.34,453.91,3000.0
1573.71,1212.04,1.342,5231.75,180.15,0.295,298.45,7.6,60.28,19.35,66053.22,1030.05,3000.0
1076.25,1393.25,0.913,6983.79,134.23,0.266,518.31,10.68,54.04,11.76,30089.23,1301.45,3000.0
1248.07,1326.87,1.21,5121.56,162.19,0.367,383.78,8.65,52.83,18.3,66537.72,759.41,3000.0
1110.61,1396.5,1.109,5716.8,96.87,0.347,365.33,8.64,74.95,9.58,81307.78,784.58,3000.0
1099.39,1271.86,0.84,2616.92,122.74,0.257,257.54,10.0,77.55,16.46,52513.32,1055.98,3000.0
925.82,1734.32,1.391,6480.57,180.57,0.304,297.38,7.21,69.49,16.9,90387.02,701.63,3000.0
1326.7,1556.16,1.318,2840.74,120.78,0.394,508.14,8.74,53.1,16.13,71894.64,429.27,3000.0
1251.88,1607.46,1.193,6891.19,104.04,0.325,416.59,8.48,62.06,11.03,91939.91,1208.75,3000.0
936.04,1673.5,1.366,6635.76,126.55,0.315,464.95,9.25,71.87,18.48,69880.42,1088.21,3000.0
1095.05,1499.07,1.381,6210.72,181.66,0.319,331.74,11.1,73.39,10.03,30503.04,1038.83,3000.0
1535.79,1252.15,1.238,2309.73,100.31,0.281,402.1,10.04,53.55,8.64,44775.34,1215.85,3000.0
1067.69,1522.26,1.353,3858.14,73.67,0.305,249.35,8.33,50.0,16.61,36143.6,1142.75,3000.0
1001.43,1552.1,1.228,3626.05,162.48,0.305,432.18,10.31,71.36,13.71,92706.12,626.47,3000.0
1242.62,1647.26,1.212,4188.79,181.29,0.258,321.04,7.29,60.7,18.19,80832.01,787.73,3000.0
1589.96,1459.0,1.157,2608.33,61.61,0.365,327.02,6.64,57.63,12.6,74111.87,538.72,3000.0
1069.44,1276.55,1.277,7534.36,84.58,0.312,409.73,7.44,50.39,10.02,44077.31,542.84,3000.0
1370.49,1370.27,0.743,5312.05,68.43,0.373,524.51,8.07,66.21,18.04,34723.58,1143.82,3000.0
1433.13,1417.85,1.393,3872.04,102.41,0.378,175.6,8.85,75.53,14.59,80516.09,1344.46,3000.0
1066.35,1587.55,1.385,4402.49,119.31,0.282,479.9,9.33,78.73,10.27,57932.64,1459.01,3000.0
1409.75,1542.47,0.626,4693.77,168.56,0.349,266.95,10.69,66.97,16.64,38063.16,1091.18,3000.0
1157.45,1413.66,1.343,5583.45,152.44,0.321,327.57,8.85,65.43,14.13,69329.76,602.51,3000.0
1342.61,1791.91,0.716,5090.94,147.45,0.382,158.77,8.81,52.55,15.25,23226.71,516.22,3000.0
1343.47,1563.46,0.902,7432.47,103.14,0.282,270.42,6.73,66.47,13.53,46093.62,1294.14,3000.0
1275.04,1342.34,1.269,4982.39,183.84,0.352,351.05,6.66,61.4,17.94,57484.56,1036.63,3000.0
963.2,1261.07,0.745,7854.52,122.76,0.341,172.47,9.04,68.21,17.95,31836.67,1080.11,3000.0
1484.71,1291.72,1.336,7038.26,206.55,0.294,346.44,8.52,61.66,16.51,98772.36,1259.61,3000.0
1124.55,1347.57,1.349,3309.36,149.63,0.27,520.84,10.36,57.21,9.26,36727.79,1173.6,3000.0
1030.56,1296.41,1.057,7497.45,65.83,0.348,192.16,7.24,52.85,18.07,30428.25,1317.9,3000.0
928.54,1311.94,0.606,2774.93,156.57,0.361,455.78,6.61,59.45,16.05,36282.79,461.84,3000.0
1313.63,1371.06,0.858,6841.21,98.64,0.297,313.87,8.57,52.9,16.36,81524.89,1222.27,3000.0
1374.3,1304.02,1.155,4307.62,158.24,0.347,412.07,7.59,55.31,12.36,54040.45,1335.94,3000.0
911.61,1738.06,1.483,7192.25,56.49,0.309,254.09,6.73,79.62,18.55,65233.28,714.75,3000.0
1258.47,1248.14,1.169,7134.73,73.86,0.357,213.8,9.83,63.32,16.7,21680.73,1104.49,3000.0
1058.55,1514.71,0.834,6774.37,186.2,0.28,214.19,7.01,65.96,9.35,22754.5,745.58,3000.0
1351.62,1446.24,1.171,6682.18,82.48,0.384,178.2,9.3,76.21,12.89,55666.04,1453.77,3000.0
1022.06,1789.43,1.086,3867.14,183.11,0.293,224.26,7.79,79.87,18.64,85332.42,436.77,3000.0
1383.66,1267.22,1.302,2569.33,91.08,0.305,415.69,7.3,67.48,8.57,90819.11,1037.77,3000.0
1170.71,1438.71,0.696,4437.29,151.08,0.259,502.68,8.25,74.37,19.54,26936.53,583.15,3000.0
1555.71,1781.68,1.285,3106.44,159.53,0.267,475.65,10.19,59.81,16.15,63069.05,1183.44,3000.0
996.26,1719.3,1.087,6130.72,129.59,0.327,424.05,8.3,59.17,15.58,93058.37,593.48,3000.0
1138.75,1690.24,1.467,4107.38,95.38,0.29,194.17,9.95,62.08,11.25,51037.82,658.92,3000.0
979.43,1354.74,0.908,7758.54,80.09,0.375,265.67,7.08,70.18,10.99,86365.27,943.81,3000.0
1547.29,1302.53,1.169,5817.64,50.48,0.252,273.92,10.05,70.47,19.3,30695.65,1406.32,3000.0
1514.14,1601.19,1.439,6870.39,95.15,0.307,249.98,7.59,59.46,11.58,94831.56,632.89,3000.0
1080.56,1757.63,0.692,2868.64,152.77,0.301,356.0,9.62,54.0,17.31,80113.87,558.66,3000.0
1361.99,1534.06,1.444,7099.68,199.82,0.253,364.22,9.1,68.97,12.72,95306.75,1234.87,3000.0
1472.06,1542.97,1.219,7451.99,188.75,0.269,292.75,10.77,53.85,9.67,74129.38,950.68,3000.0
1288.64,1367.99,0.661,4924.96,171.4,0.312,291.52,8.28,67.35,8.13,49072.31,1402.96,3000.0
1270.76,1661.7,0.871,5616.27,175.09,0.324,481.42,6.8,70.8,14.53,95054.49,561.28,3000.0
1069.3,1312.23,1.237,6535.9,154.72,0.311,465.72,6.59,71.02,19.71,42045.34,1110.52,3000.0
965.17,1394.21,0.661,3114.06,87.95,0.33,273.12,10.3,72.6,12.43,46573.8,656.17,3000.0
1528.05,1455.26,1.124,5014.88,194.69,0.339,515.52,8.91,76.19,12.29,76064.67,572.44,3000.0
1530.29,1504.57,0.911,4412.25,155.67,0.251,531.13,10.07,65.0,12.13,81225.3,1151.77,3000.0
1343.17,1345.45,1.159,2948.97,137.47,0.32,280.7,7.58,71.91,14.25,94352.28,1053.05,3000.0
1137.32,1268.9,0.641,4231.7,63.31,0.395,291.77,8.09,68.58,13.29,36384.19,1230.31,3000.0
1144.45,1566.37,1.384,2495.4,118.76,0.328,352.25,6.64,55.6,18.56,83839.84,740.41,3000.0
1408.17,1373.18,1.476,2249.71,120.96,0.352,526.45,10.92,50.77,14.07,79083.68,892.77,3000.0
1527.98,1548.74,1.472,2883.96,187.65,0.297,500.53,9.57,58.54,14.09,25103.56,846.02,3000.0
1520.96,1292.62,1.275,7686.07,135.2,0.366,191.03,10.79,63.29,9.66,50977.85,1482.5,3000.0
1445.91,1488.68,0.717,5287.27,107.77,0.366,307.09,7.72,68.51,19.79,42621.24,721.47,3000.0
1349.42,1519.55,1.282,7701.77,206.17,0.328,371.35,9.31,75.5,11.0,44359.23,724.3,3000.0
958.9,1231.09,0.622,4608.49,63.27,0.396,351.25,9.62,55.89,8.88,98635.75,790.0,3000.0
1013.14,1401.96,0.62,3908.53,114.72,0.269,227.55,7.96,53.77,15.96,71422.19,1021.05,3000.0
1528.99,1280.65,0.891,5035.62,51.93,0.253,493.53,10.4,78.9,15.14,77414.09,677.56,3000.0
1324.5,1238.02,1.04,4649.17,167.08,0.366,420.78,10.86,53.24,12.98,98129.41,1406.82,3000.0
906.44,1793.98,1.293,2712.86,196.48,0.371,485.16,10.57,64.35,13.07,50176.14,692.25,3000.0
971.03,1393.41,1.215,5816.79,91.21,0.268,493.51,9.9,67.57,17.42,84147.21,1385.4,3000.0
1364.45,1685.92,1.001,3353.02,186.63,0.29,449.34,7.78,66.24,10.35,54762.48,513.82,3000.0
903.54,1352.78,0.846,5693.61,93.22,0.253,325.68,7.8,52.58,17.84,89562.69,1122.22,3000.0
1012.57,1608.9,1.497,5871.17,195.28,0.294,394.22,10.93,51.71,15.78,34452.6,1397.68,3000.0
1284.11,1656.14,0.984,2981.74,169.4,0.366,214.15,6.55,53.16,13.03,95814.89,585.62,3000.0
1384.33,1557.38,1.006,2455.83,177.81,0.328,419.46,9.79,67.57,13.5,37501.74,1465.16,3000.0
1356.37,1482.95,0.747,6628.42,47.97,0.302,221.7,9.75,66.33,11.08,46097.64,898.17,3000.0
1056.99,1447.1,1.315,4766.84,203.86,0.306,427.58,9.36,57.01,17.03,80495.38,1440.29,3000.0
1398.53,1409.32,1.224,2437.35,164.9,0.25,241.84,11.05,69.13,14.15,51500.41,1144.5,3000.0
1066.07,1757.72,0.799,7870.22,95.28,0.295,197.02,7.93,74.6,11.85,68656.91,731.75,3000.0
1127.78,1698.37,0.674,2435.13,181.85,0.347,216.11,8.06,51.25,15.15,55565.88,607.13,3000.0
1422.54,1779.02,1.212,6131.2,91.45,0.396,150.8,6.86,64.94,19.95,79389.59,734.11,3000.0
1354.74,1274.58,1.189,7805.34,189.0,0.377,437.5,8.54,70.68,13.22,38266.5,502.32,3000.0
1494.46,1638.52,0.846,3487.24,63.58,0.254,442.96,7.7,57.57,19.05,24676.64,558.25,3000.0
1360.33,1763.0,1.456,2925.05,161.11,0.385,355.97,8.08,59.23,12.14,43994.35,515.13,3000.0
1297.82,1308.74,0.736,2804.03,134.22,0.367,214.55,10.34,68.41,8.66,57944.69,865.24,3000.0
965.57,1239.9,0.989,3859.0,60.93,0.367,183.42,10.8,76.94,10.45,33441.6,1275.14,3000.0
1157.4,1644.67,1.449,2686.07,84.91,0.319,157.65,7.35,74.3,13.02,48383.78,555.52,3000.0
1085.64,1544.68,0.978,6114.54,47.05,0.31,216.3,8.21,67.49,10.64,51998.64,543.35,3000.0
1070.79,1705.1,1.175,2461.29,122.35,0.295,506.34,10.77,71.91,8.0,24591.35,1107.77,3000.0
1581.11,1283.86,0.958,5054.65,94.71,0.26,246.61,6.78,60.94,18.98,66664.58,616.9,3000.0
1175.17,1677.16,0.847,7880.84,143.73,0.284,291.71,6.92,69.23,18.13,90747.47,507.37,3000.0
1524.43,1320.98,1.486,6821.03,94.04,0.287,192.14,7.25,63.99,16.91,32139.43,583.53,3000.0
1341.8,1298.19,0.968,5668.27,94.49,0.323,238.94,9.24,55.7,10.01,67824.64,1416.1,3000.0
1456.37,1298.56,1.405,3876.27,167.63,0.362,357.69,7.19,71.05,9.44,73179.14,1303.62,3000.0
1251.85,1688.74,0.807,5718.6,52.94,0.321,393.1,10.95,66.69,8.81,53546.77,789.47,3000.0
1303.83,1599.12,0.792,5156.84,193.98,0.259,248.14,8.55,60.76,16.69,76087.81,1121.4,3000.0
1244.76,1513.84,0.628,4571.28,185.62,0.394,173.09,8.81,77.34,19.15,52858.52,991.0,3000.0
1036.67,1415.3,1.187,2858.12,155.19,0.391,306.41,7.63,50.63,13.17,60370.98,1144.84,3000.0
1405.72,1726.32,0.932,7242.3,142.88,0.368,243.68,8.67,59.47,9.43,20588.24,1150.94,3000.0
1096.54,1435.47,1.378,4708.75,192.23,0.399,237.82,9.54,51.71,14.15,75337.61,1091.61,3000.0
917.02,1689.96,1.026,3228.81,75.58,0.332,533.95,9.96,73.0,12.19,72907.41,692.71,3000.0
1351.83,1463.48,1.471,4233.0,58.03,0.394,396.52,9.97,71.06,12.5,23072.07,442.91,3000.0
1023.98,1426.17,0.767,4501.95,84.52,0.261,372.75,9.16,59.94,15.46,49460.01,901.12,3000.0
1558.32,1477.61,1.382,6899.72,176.11,0.305,316.31,10.66,70.27,16.62,98322.55,1380.07,3000.0
1567.75,1380.83,1.299,6354.96,50.72,0.284,321.58,10.26,61.88,9.33,53658.93,1026.45,3000.0
1540.41,1648.57,1.294,6561.97,141.16,0.279,366.36,9.98,72.69,8.43,60155.63,1315.63,3000.0
1159.11,1501.63,1.36,2163.98,209.25,0.271,428.57,6.76,63.63,19.93,92794.41,1490.79,3000.0
910.82,1339.33,1.285,4513.69,186.19,0.343,430.86,6.53,62.37,10.79,77380.95,579.98,3000.0
1549.82,1739.74,1.164,4891.8,131.04,0.367,218.68,7.48,78.04,8.65,66565.61,1160.96,3000.0
1199.73,1430.33,0.718,2211.32,55.5,0.337,350.05,9.55,57.53,10.28,83824.37,1141.72,3000.0
1576.66,1526.13,0.629,3606.92,182.18,0.272,314.78,8.39,53.61,8.47,89149.3,1477.95,3000.0
1574.53,1743.88,1.429,6509.68,143.83,0.372,498.21,8.35,67.54,12.7,56551.05,1484.16,3000.0
1497.11,1574.54,1.155,2895.24,63.96,0.345,402.57,10.57,79.08,17.63,58008.67,1155.35,3000.0
1106.11,1270.14,1.317,5204.8,60.49,0.308,363.0,10.62,61.34,12.09,50884.07,667.98,3000.0
1169.57,1763.9,1.033,3348.17,195.09,0.351,196.16,10.68,51.86,13.33,97336.49,1278.41,3000.0
1495.8,1576.62,0.706,2170.3,155.42,0.289,392.26,7.94,60.18,16.11,75773.3,517.73,3000.0
1121.85,1400.94,0.713,3498.97,181.83,0.302,196.88,9.68,65.18,14.11,26657.85,1258.77,3000.0
1018.64,1283.56,1.217,7760.07,190.03,0.388,284.88,7.75,54.86,18.34,89036.77,1401.22,3000.0
1289.76,1676.42,0.987,6748.92,139.34,0.294,207.14,7.38,69.74,18.39,58444.8,821.12,3000.0
1555.31,1572.04,0.78,7665.54,130.38,0.32,426.83,7.35,79.93,8.12,25500.31,1093.7,3000.0
1387.22,1520.08,1.042,4929.55,116.02,0.384,232.5,8.07,63.55,17.34,63977.38,873.16,3000.0
1299.04,1736.34,0.658,2736.47,97.3,0.356,306.74,8.48,60.64,13.53,53373.14,881.54,3000.0
968.02,1673.16,1.124,5278.17,116.71,0.259,508.27,10.32,62.02,19.87,90219.95,741.41,3000.0
1330.51,1291.0,0.842,4735.39,172.69,0.272,231.73,7.05,53.45,13.8,36319.57,1238.34,3000.0
1593.04,1387.03,1.318,6997.27,144.32,0.251,353.12,9.88,76.5,19.84,86117.17,1429.79,3000.0
998.06,1349.09,0.879,2668.88,192.27,0.345,317.71,8.94,62.44,17.05,64615.1,1434.83,3000.0
1262.83,1646.37,1.01,4931.8,118.16,0.317,157.25,7.82,61.62,10.98,24368.82,592.26,3000.0
1514.16,1220.12,0.61,2970.28,145.17,0.27,467.1,8.77,69.79,14.46,97747.62,1362.22,3000.0
1418.54,1541.93,0.665,3983.12,149.17,0.394,177.62,7.88,63.26,19.91,61009.22,1211.17,3000.0
1387.91,1657.48,0.953,6376.67,142.63,0.329,339.7,9.24,69.45,18.29,43270.15,678.12,3000.0
1391.74,1726.06,1.032,4860.91,160.93,0.286,374.27,8.5,51.84,9.17,57552.55,474.01,3000.0
1151.64,1405.25,1.14,4280.15,84.18,0.325,401.37,7.26,74.41,16.48,88628.62,694.8,3000.0
1105.51,1692.75,0.862,4387.96,129.54,0.352,425.45,7.04,78.22,12.15,44392.25,1403.43,3000.0
1466.55,1266.38,1.225,4764.79,62.2,0.261,251.31,9.01,69.46,8.08,35414.11,1096.5,3000.0
1467.08,1707.87,1.374,6653.1,108.44,0.291,153.99,10.65,78.64,12.84,30325.7,1193.16,3000.0
1506.95,1276.49,1.302,7274.09,125.47,0.371,439.38,8.08,54.54,10.82,43828.75,682.87,3000.0
1539.27,1438.37,0.636,7640.94,152.62,0.319,364.26,9.87,64.32,17.83,82403.85,1191.33,3000.0
1257.94,1678.38,1.032,6664.04,201.84,0.332,484.45,9.53,68.05,12.05,57730.11,430.93,3000.0
1251.06,1289.95,0.694,3929.36,144.11,0.315,478.56,10.79,67.45,17.93,38198.53,812.85,3000.0
1458.81,1337.55,0.818,6091.18,167.69,0.257,487.33,10.28,62.04,8.01,33294.8,1089.43,3000.0
1354.97,1633.35,1.488,4638.1,128.53,0.275,344.04,9.11,60.14,11.69,46618.36,560.71,3000.0
1391.38,1632.02,0.728,3577.09,149.63,0.317,283.45,9.52,53.8,10.89,95193.95,1305.3,3000.0
1457.05,1584.69,1.049,6977.06,56.7,0.281,466.62,10.63,61.75,10.8,47442.14,658.53,3000.0
1523.0,1616.37,1.156,2322.87,86.97,0.257,330.52,8.34,54.88,8.82,99049.93,1117.51,3000.0
1136.6,1525.63,1.232,7330.22,104.71,0.377,223.38,8.0,72.03,10.25,58818.44,845.72,3000.0
1162.91,1351.08,1.104,4776.57,122.96,0.397,491.99,6.55,56.26,14.67,34333.11,1055.65,3000.0
965.79,1407.42,0.609,5795.77,52.53,0.369,503.02,10.3,51.76,11.5,91291.21,518.2,3000.0
1304.8,1308.96,0.894,5924.25,68.1,0.378,336.52,10.18,66.57,13.01,56828.43,418.6,3000.0
925.16,1745.07,1.066,7291.68,90.67,0.286,180.28,6.98,67.86,12.52,76773.71,1400.52,3000.0
1225.92,1550.04,0.679,5792.68,205.3,0.394,305.13,9.15,76.16,18.51,98696.93,696.59,3000.0
1279.85,1440.51,0.916,5660.81,99.67,0.28,471.42,8.63,67.31,18.86,24014.03,1301.64,3000.0
1100.58,1477.2,0.63,2486.58,124.54,0.393,510.71,7.05,60.36,13.92,27735.56,1499.29,3000.0
1313.58,1768.37,0.671,5106.77,77.36,0.399,231.39,11.01,74.09,11.96,77636.54,632.57,3000.0
921.35,1292.01,0.957,2970.98,145.78,0.357,176.79,7.49,66.21,9.28,42546.0,691.69,3000.0
926.14,1551.74,0.719,6377.12,91.31,0.397,500.94,6.81,52.38,19.44,34744.11,1129.15,3000.0
1475.82,1503.53,1.111,5070.89,79.15,0.335,305.76,9.24,66.98,8.72,23148.95,1461.99,3000.0
1152.13,1566.87,1.221,6045.32,130.23,0.289,366.7,9.9,77.24,11.57,21747.74,1407.4,3000.0
988.94,1210.87,1.321,2341.7,45.91,0.316,537.23,6.65,61.89,11.58,81958.85,953.16,3000.0
1265.57,1723.27,0.78,2591.79,46.26,0.339,176.63,9.53,58.89,11.84,30754.67,1274.62,3000.0
1439.0,1759.27,0.751,6254.68,81.15,0.261,409.33,8.95,54.3,9.97,57417.65,549.32,3000.0
1051.07,1539.08,0.694,2518.09,51.06,0.343,179.64,6.98,54.54,17.4,68471.75,1475.18,3000.0
1336.02,1617.99,1.173,2513.29,62.82,0.397,300.19,7.29,62.98,9.47,54268.14,1460.79,3000.0
959.74,1753.5,1.236,2170.23,100.91,0.279,471.53,9.11,67.87,15.62,22168.53,580.1,3000.0
936.18,1624.34,0.628,7647.71,177.43,0.369,323.39,7.86,52.42,9.49,82680.12,729.37,3000.0
1271.95,1291.52,1.443,6377.55,139.39,0.386,548.87,10.82,78.19,8.85,20841.06,510.17,3000.0
1278.44,1545.77,0.647,4148.86,129.59,0.392,373.62,10.27,72.65,18.91,80951.19,698.89,3000.0
1346.2,1564.03,1.087,3819.91,93.43,0.394,278.46,11.02,67.6,10.28,91464.36,1297.55,3000.0
1408.26,1454.48,1.238,4128.28,198.74,0.328,238.04,7.69,74.85,17.86,54627.19,816.15,3000.0
1583.1,1641.87,1.384,6592.99,110.51,0.397,290.21,10.96,52.41,14.54,62843.4,497.24,3000.0
1261.41,1760.62,1.243,5935.95,59.37,0.364,299.01,8.48,64.31,8.93,58158.67,776.45,3000.0
1126.07,1755.34,1.322,3174.13,146.82,0.274,177.49,8.1,68.9,19.47,51136.69,1479.52,3000.0
1456.63,1470.5,0.906,3109.83,63.78,0.322,297.83,6.73,74.86,10.96,90993.96,1092.65,3000.0
1089.58,1267.94,1.333,2670.69,101.96,0.358,335.7,6.74,73.5,18.32,91514.68,857.78,3000.0
1207.28,1790.9,0.672,5929.76,128.72,0.287,439.1,9.68,58.31,10.03,46865.31,583.19,3000.0
954.92,1703.34,1.405,6533.36,189.25,0.346,412.69,8.61,78.23,18.25,69205.58,1484.79,3000.0
917.75,1274.8,1.093,3637.27,126.44,0.35,433.51,7.54,53.73,8.16,94152.6,1302.93,3000.0
1573.85,1752.51,1.336,2221.48,160.87,0.274,153.35,9.32,76.25,14.14,96964.68,709.63,3000.0
1485.19,1721.94,1.007,2576.6,208.81,0.335,237.07,7.66,79.13,17.23,60716.72,477.08,3000.0
1387.18,1511.3,1.179,7713.59,66.7,0.366,414.67,9.16,55.31,19.22,56225.98,462.29,3000.0
1186.27,1554.77,1.074,3813.58,90.33,0.325,343.6,8.15,71.66,18.91,42295.55,532.42,3000.0
1021.31,1439.4,1.258,6561.49,110.11,0.252,152.13,10.29,51.21,17.84,96709.75,1038.85,3000.0
1009.51,1232.86,0.673,5723.05,114.6,0.251,471.8,10.28,62.16,18.66,31425.14,1421.64,3000.0
1075.17,1401.12,0.654,4315.25,112.82,0.304,459.12,8.7,65.49,10.39,66386.37,946.42,3000.0
1284.46,1681.71,0.822,3292.99,194.76,0.389,369.37,8.11,67.42,11.41,42604.02,1327.24,3000.0
1400.22,1202.78,0.744,2804.04,162.82,0.284,176.59,8.17,78.08,11.47,42320.66,890.48,3000.0
1362.14,1400.1,1.385,5667.08,145.3,0.345,456.61,10.21,70.17,12.52,52397.49,1179.44,3000.0
1095.95,1438.9,0.797,6592.88,96.05,0.283,383.49,8.01,64.44,12.72,99903.43,1205.06,3000.0
1568.41,1522.44,1.478,5834.64,180.93,0.298,462.78,7.46,74.29,14.53,24397.3,591.36,3000.0
1416.53,1751.91,0.903,5175.75,202.58,0.377,450.7,6.89,78.52,9.92,66283.35,797.34,3000.0
1288.05,1407.81,0.764,2343.32,180.5,0.359,471.2,8.65,50.66,16.29,26605.77,1101.03,3000.0
1328.2,1408.17,1.311,7717.23,45.26,0.264,357.2,8.72,79.48,10.01,32361.67,477.77,3000.0
1193.72,1642.5,1.193,6732.54,150.01,0.314,206.13,10.37,52.58,11.72,55165.04,797.69,3000.0
1073.41,1471.33,1.048,3798.37,53.44,0.254,418.46,7.52,74.43,14.04,60836.81,988.28,3000.0
1149.18,1334.76,1.1,7783.83,87.51,0.322,398.19,8.25,58.41,17.56,40703.39,1495.85,3000.0
1430.49,1471.46,1.247,5590.91,54.82,0.349,446.9,10.22,53.97,16.87,45316.57,921.99,3000.0
910.08,1284.51,0.806,5478.05,144.63,0.268,217.95,10.29,63.2,15.75,26957.36,1297.66,3000.0
981.25,1305.83,1.497,6438.82,158.29,0.293,227.99,8.27,69.32,9.87,44257.58,875.27,3000.0
932.2,1499.02,1.477,6808.26,63.89,0.31,506.16,8.61,61.43,14.56,97324.68,1276.03,3000.0
928.51,1451.36,1.185,5907.58,108.33,0.388,449.99,7.9,51.64,9.05,95576.59,1054.96,3000.0
1498.82,1748.91,0.78,2842.96,120.28,0.399,513.29,10.79,67.98,12.53,46790.26,1375.25,3000.0
1392.56,1417.44,1.212,4061.95,105.89,0.257,453.49,7.05,77.07,12.96,65668.31,852.04,3000.0
1231.92,1548.35,0.665,7482.89,64.97,0.364,388.86,10.8,61.5,8.48,92767.63,1064.73,3000.0
968.48,1579.36,0.628,3402.77,114.13,0.306,411.65,9.65,56.49,11.29,20494.71,1093.02,3000.0
1244.13,1207.86,0.832,4258.57,168.94,0.309,505.65,8.95,63.28,19.47,84854.69,859.12,3000.0
1231.43,1598.12,1.016,4606.05,56.72,0.363,381.52,6.65,51.45,19.44,95869.56,558.74,3000.0
1021.24,1306.82,1.381,4648.55,58.23,0.388,402.96,8.69,74.61,12.23,27306.06,502.92,3000.0
1203.7,1776.64,1.254,5655.05,103.54,0.393,212.59,8.38,74.79,8.52,32915.81,418.34,3000.0
1178.95,1289.2,1.268,7569.84,200.38,0.337,339.57,7.24,67.64,10.15,96859.7,1360.89,3000.0
1331.1,1448.77,0.983,3496.02,155.31,0.304,436.56,9.52,60.59,12.71,63003.21,660.12,3000.0
1344.57,1251.21,0.911,2804.71,156.98,0.368,258.38,10.97,73.99,19.37,21135.73,632.66,3000.0
931.71,1798.12,0.934,3245.33,104.72,0.288,230.9,9.09,66.64,9.69,40610.56,1209.64,3000.0
1162.23,1501.32,1.489,7244.16,142.95,0.335,275.53,9.79,74.78,17.16,55995.49,752.02,3000.0
1338.1,1557.23,0.636,5845.7,46.67,0.304,246.6,6.81,68.94,9.3,75432.71,956.65,3000.0
1252.2,1240.25,1.38,3758.26,149.96,0.348,235.97,8.42,73.53,19.78,78652.83,578.76,3000.0
1499.54,1649.98,1.121,6832.49,195.69,0.286,319.94,7.04,67.96,12.58,99633.72,1455.72,3000.0
1361.09,1325.94,0.995,7095.95,146.07,0.279,513.14,9.32,62.42,17.3,43000.9,1336.74,3000.0
1014.05,1738.83,1.253,7009.78,189.16,0.388,352.82,10.82,78.74,12.11,63057.61,1350.17,3000.0
949.4,1323.08,1.038,7429.77,164.46,0.265,225.17,9.54,66.23,15.53,62665.88,847.45,3000.0
1349.69,1314.41,1.386,3563.0,64.89,0.326,180.79,6.85,68.15,10.3,52451.62,1238.6,3000.0
918.56,1221.93,1.411,6479.24,193.9,0.283,428.46,8.13,56.61,9.75,33532.95,558.26,3000.0
1310.04,1483.24,0.98,4771.13,55.96,0.256,303.12,9.03,68.77,19.26,98196.53,409.48,3000.0
1558.16,1538.9,0.849,6983.59,133.1,0.255,478.73,8.35,67.15,19.01,88265.37,421.97,3000.0
1302.83,1239.43,1.133,6325.25,68.45,0.276,413.8,10.33,55.55,18.65,59866.64,1045.26,3000.0
1171.72,1665.32,1.421,6603.4,46.93,0.38,468.5,10.25,51.79,15.51,68259.63,900.93,3000.0
1350.3,1471.97,0.79,5905.74,114.64,0.292,258.78,9.31,68.13,17.7,38180.88,969.82,3000.0
1220.78,1514.63,1.161,3129.09,93.68,0.393,426.94,8.22,72.91,8.83,63502.97,408.21,3000.0
1281.93,1464.46,1.168,5261.16,125.19,0.337,255.62,7.67,65.7,12.02,75597.61,864.96,3000.0
1559.03,1440.46,1.26,7811.08,140.24,0.315,525.63,6.99,56.8,11.76,61213.36,1189.87,3000.0
1170.27,1535.78,0.718,7536.85,52.22,0.337,404.55,8.13,70.0,15.63,99222.81,886.96,3000.0
1572.83,1293.14,1.244,2350.41,65.3,0.328,279.8,8.4,52.4,12.27,68907.33,1205.44,3000.0
1533.75,1309.16,1.418,3055.93,137.18,0.364,257.8,9.61,63.26,9.78,49677.9,656.32,3000.0
1037.05,1717.07,0.762,2864.03,101.62,0.292,226.37,9.53,54.9,15.16,81772.16,1294.46,3000.0
948.55,1767.67,0.814,6310.68,165.31,0.303,427.86,6.82,55.53,17.77,33637.0,1047.27,3000.0
970.54,1423.99,1.474,6843.15,152.63,0.384,237.49,8.32,56.07,12.59,50761.27,631.84,3000.0
912.76,1362.45,0.763,3338.37,184.52,0.392,388.12,7.34,61.6,9.59,47756.72,660.39,3000.0
966.11,1586.4,1.369,5033.95,159.26,0.384,255.85,7.22,51.53,10.36,54544.57,1090.83,3000.0
1378.1,1445.24,1.043,6976.08,115.94,0.313,414.79,10.31,61.93,10.85,82542.39,1312.93,3000.0
949.83,1215.23,0.823,6350.25,156.04,0.367,475.98,6.69,65.35,11.6,58733.84,857.19,3000.0
1123.28,1293.69,1.384,5244.98,90.44,0.321,461.21,8.43,64.5,15.71,83521.16,684.13,3000.0
1491.41,1629.58,1.001,5524.02,95.54,0.325,454.34,7.27,61.48,15.21,66119.11,1353.71,3000.0
916.29,1595.35,1.063,5048.49,175.18,0.281,225.09,10.54,75.17,16.35,47365.55,1136.2,3000.0
1470.13,1216.26,0.923,3825.78,118.66,0.339,185.35,9.06,54.36,12.35,84798.3,892.89,3000.0
1097.3,1333.18,1.134,5377.13,176.73,0.278,429.58,7.56,65.17,17.89,39063.17,936.69,3000.0
982.72,1338.64,0.747,6095.53,180.7,0.3,297.34,8.81,51.86,10.45,37950.64,624.68,3000.0
1387.72,1603.14,0.952,7165.27,186.5,0.378,322.94,9.86,52.13,13.63,60360.23,1089.48,3000.0
1340.26,1211.83,1.472,5790.49,196.24,0.281,162.46,10.91,67.22,17.61,40867.94,794.62,3000.0
1514.23,1262.47,0.832,6514.5,116.11,0.261,253.83,7.51,66.98,10.16,20726.96,1495.21,3000.0
1414.55,1679.95,1.191,3028.42,97.61,0.26,163.47,10.58,76.34,9.32,71863.8,928.2,3000.0
1462.44,1307.13,0.893,4777.03,141.06,0.391,501.67,10.8,66.74,18.6,60887.51,934.47,3000.0
1097.42,1591.65,1.296,2154.12,106.24,0.326,247.36,10.72,78.79,12.12,55641.43,1022.44,3000.0
1024.21,1342.91,0.718,3530.74,144.18,0.311,372.93,9.42,51.46,16.21,97357.48,1408.43,3000.0
1425.43,1259.66,1.473,6313.48,161.42,0.372,165.59,9.4,52.94,8.3,65695.93,1280.9,3000.0
1464.78,1345.9,1.008,7852.5,158.59,0.375,416.74,8.35,51.32,16.28,89074.53,896.24,3000.0
1593.35,1633.36,0.812,2675.23,106.8,0.3,279.21,9.96,55.56,11.79,31156.02,1190.57,3000.0
1188.83,1713.42,0.666,4428.67,72.53,0.354,509.17,8.94,66.24,8.67,65536.52,1044.86,3000.0
1160.41,1698.13,0.753,6740.41,116.04,0.366,505.25,9.62,69.37,15.32,89438.37,941.6,3000.0
1443.49,1438.31,1.068,3283.41,68.53,0.348,280.12,8.47,51.37,10.89,66648.46,611.55,3000.0
1138.56,1600.85,0.903,5319.49,191.87,0.273,510.38,9.86,78.38,12.64,77441.13,910.33,3000.0
1551.53,1322.99,1.346,6351.81,102.07,0.381,548.46,10.29,75.26,8.97,49763.49,670.4,3000.0
1500.89,1375.89,0.988,5672.72,70.49,0.331,480.17,7.17,58.9,9.77,27395.96,1406.33,3000.0
1200.3,1737.8,0.824,3190.54,49.2,0.292,487.95,10.33,52.32,11.58,56632.02,768.95,3000.0
1425.61,1207.8,1.155,4161.23,151.56,0.314,249.6,8.99,55.1,9.08,51558.35,1447.49,3000.0
1428.18,1251.31,1.236,6645.99,150.09,0.256,380.68,10.39,53.81,18.93,89364.81,986.36,3000.0
972.19,1324.73,0.75,5314.51,101.2,0.269,176.9,8.48,53.7,8.07,39519.62,1094.7,3000.0
1531.79,1215.92,0.751,2130.33,56.83,0.365,187.97,8.24,65.56,13.81,97338.74,997.23,3000.0
1253.68,1308.86,0.633,6513.75,112.59,0.25,549.56,10.71,57.38,9.48,96651.05,542.32,3000.0
1478.52,1549.82,1.263,2304.81,96.35,0.312,280.66,7.66,60.74,11.69,39810.53,813.4,3000.0
1124.03,1452.85,1.197,6425.26,156.72,0.328,449.27,10.38,79.69,19.11,47844.16,509.06,3000.0
1526.87,1735.6,1.027,3274.39,144.95,0.258,472.67,8.73,70.53,9.94,91644.46,1085.25,3000.0
1172.44,1690.47,1.36,7656.83,105.16,0.396,493.21,8.86,78.47,19.59,97329.78,891.56,3000.0
907.59,1405.09,1.325,4234.06,80.95,0.284,549.05,7.92,54.28,10.47,55475.13,1255.78,3000.0
1533.77,1355.65,1.127,3996.2,208.03,0.296,246.6,9.14,61.46,16.9,45679.76,642.52,3000.0
963.9,1427.82,1.381,2963.55,119.91,0.296,166.14,8.0,66.64,14.56,62087.52,581.02,3000.0
1123.52,1554.18,0.785,3872.5,158.57,0.285,314.48,6.68,52.3,18.61,75021.54,846.97,3000.0
1565.04,1360.84,0.701,7184.57,68.19,0.25,202.03,7.75,50.13,14.65,41877.96,1419.24,3000.0
1565.43,1574.49,0.843,7878.74,125.12,0.359,158.97,6.53,70.11,14.41,78917.85,1181.46,3000.0
1301.41,1445.65,0.651,4236.2,49.54,0.395,294.17,11.0,69.25,10.35,24132.59,860.82,3000.0
1342.29,1531.23,1.078,4701.94,128.4,0.284,463.5,10.94,62.32,9.99,23943.56,969.0,3000.0
1213.91,1461.68,1.443,6288.01,204.06,0.349,376.47,8.32,64.69,19.0,50903.02,492.63,3000.0
1105.25,1376.68,0.635,7239.94,108.39,0.361,275.11,9.85,62.46,11.93,48277.86,1483.03,3000.0
1130.07,1769.07,0.71,5539.66,51.43,0.377,411.74,8.09,50.72,12.46,45250.66,1133.05,3000.0
1370.76,1658.16,1.007,4370.85,50.11,0.313,242.81,9.59,60.06,17.12,59281.58,713.94,3000.0
1426.66,1284.07,1.44,4493.21,109.02,0.295,155.75,10.2,55.31,12.07,45658.69,1044.39,3000.0
1454.11,1721.08,0.885,6134.59,71.4,0.299,455.74,10.86,52.95,19.42,35380.63,520.43,3000.0
1452.73,1492.46,1.057,2118.67,48.85,0.357,399.5,8.34,78.7,16.86,44757.56,1462.42,3000.0
963.84,1736.73,0.637,5693.62,169.78,0.373,454.92,10.1,67.98,15.17,97992.34,592.26,3000.0
1246.09,1679.91,0.734,4161.86,120.66,0.277,165.58,7.72,71.86,18.57,52889.07,1112.83,3000.0
940.29,1455.13,1.488,6706.34,92.73,0.306,484.85,11.06,59.46,8.6,55577.02,670.0,3000.0
1284.67,1213.48,1.469,2639.35,193.51,0.385,397.81,6.62,61.79,11.08,66123.6,1189.32,3000.0
1209.07,1361.21,0.604,5511.57,64.16,0.371,375.36,9.28,57.11,13.58,98667.26,1254.5,3000.0
1521.39,1524.98,1.457,4889.64,202.73,0.398,399.85,9.53,52.91,10.72,39328.1,1140.76,3000.0
1145.64,1580.09,1.175,5825.49,96.8,0.363,495.77,9.67,55.37,16.93,74502.57,1075.95,3000.0
981.95,1354.73,1.381,2476.15,191.59,0.309,384.77,7.05,73.93,19.03,77278.78,1381.72,3000.0
1000.09,1283.61,1.009,5463.91,144.49,0.339,382.38,10.82,70.33,13.09,68585.95,486.49,3000.0
1433.06,1700.96,1.064,5356.61,181.41,0.349,546.27,7.33,66.41,12.11,27086.27,764.01,3000.0
1332.75,1790.64,1.04,5351.83,207.36,0.262,452.69,9.36,64.25,19.54,74149.78,673.12,3000.0
970.79,1515.41,1.2,5600.23,92.59,0.332,326.92,7.52,77.67,13.34,25127.58,1486.82,3000.0
958.87,1303.01,0.726,6023.51,203.59,0.356,432.96,7.91,52.18,13.87,67691.41,828.33,3000.0
1390.68,1363.38,0.627,6768.94,109.26,0.275,305.69,9.01,58.42,12.22,79166.49,1205.87,3000.0
950.93,1211.03,0.877,3664.96,108.61,0.367,241.55,8.42,60.5,18.91,36877.59,1153.2,3000.0
1475.3,1748.58,1.234,6885.29,101.16,0.338,388.74,7.24,73.47,14.83,87329.76,633.29,3000.0
1394.37,1270.65,0.782,4989.88,134.33,0.393,521.27,7.29,79.78,17.15,22428.3,662.9,3000.0
956.94,1545.91,1.206,2546.94,70.43,0.256,521.66,8.42,57.22,17.74,87505.03,709.41,3000.0
959.39,1364.43,1.473,2439.6,136.36,0.29,286.76,9.98,76.23,12.1,56826.32,852.24,3000.0
1590.65,1532.51,0.685,4038.58,134.38,0.34,361.07,10.63,74.92,13.2,37407.04,657.76,3000.0
1161.99,1590.85,1.205,6652.4,170.71,0.294,234.65,6.89,56.74,18.18,30702.25,421.62,3000.0
1159.45,1697.85,0.999,6204.55,182.55,0.357,548.25,8.31,61.98,12.36,96264.57,1367.33,3000.0
1468.96,1323.85,1.381,6673.97,117.67,0.364,542.45,6.96,62.29,17.53,25813.25,1462.17,3000.0
1563.07,1206.6,0.759,5100.16,94.88,0.265,409.8,6.58,79.35,19.29,35927.47,775.73,3000.0
1590.2,1282.13,1.223,4653.15,87.79,0.327,471.77,9.54,55.43,15.48,47825.79,772.36,3000.0
1427.36,1740.01,1.354,2955.22,77.11,0.326,436.04,9.27,73.97,16.9,69618.79,407.8,3000.0
1163.38,1724.33,1.45,4003.52,54.51,0.305,387.26,7.25,60.03,17.66,63584.09,1148.28,3000.0
958.45,1558.45,1.215,4617.31,101.5,0.39,171.34,7.58,71.93,18.14,30051.48,1307.98,3000.0
1444.0,1560.31,1.047,2613.88,89.59,0.374,331.91,6.61,62.6,12.74,43178.24,561.27,3000.0
1290.88,1599.02,1.156,3379.55,204.46,0.355,419.91,10.34,67.35,8.62,39100.14,575.63,3000.0
1196.96,1305.22,1.382,5569.71,137.02,0.357,421.01,10.98,74.98,12.82,37083.43,1269.09,3000.0
1534.45,1748.65,1.114,6366.85,102.3,0.319,299.25,7.12,74.12,16.09,52891.55,1077.92,3000.0
977.84,1451.26,0.627,7890.42,140.78,0.388,526.68,7.56,75.99,13.4,76322.52,449.35,3000.0
1244.84,1429.88,1.438,7512.06,67.97,0.354,216.94,10.49,51.79,16.99,37396.23,1084.8,3000.0
907.95,1511.35,1.221,5826.88,118.27,0.359,350.14,10.76,70.76,12.28,49334.31,739.81,3000.0
1228.06,1228.18,1.209,4543.24,148.33,0.379,426.35,8.43,54.2,15.62,51273.39,805.6,3000.0
939.41,1299.77,0.794,5789.83,125.67,0.291,428.85,6.73,62.47,10.24,98116.52,1246.7,3000.0
983.17,1642.82,1.193,6656.78,111.29,0.371,409.46,6.68,66.46,16.99,96373.31,1292.03,3000.0
982.27,1249.68,0.954,2786.35,208.98,0.279,260.12,9.14,62.08,14.55,84011.01,840.39,3000.0
1354.45,1561.89,1.186,4477.45,190.25,0.302,212.48,8.31,65.59,10.45,39332.71,1441.87,3000.0
1422.23,1347.21,0.696,6970.85,147.86,0.3,404.38,6.63,79.9,11.5,25442.99,847.11,3000.0
1308.36,1433.58,1.192,4326.23,138.95,0.397,389.72,9.18,54.06,16.98,45352.33,1249.02,3000.0
1573.52,1373.22,1.499,5416.86,147.41,0.378,221.74,6.55,70.26,13.79,41343.56,932.26,3000.0
1162.41,1413.4,0.643,5509.06,78.22,0.355,432.06,10.12,61.88,10.59,60474.06,1387.29,3000.0
1100.0,1631.43,1.479,3169.96,110.2,0.359,332.07,7.91,53.99,19.61,82218.23,1398.54,3000.0
1508.02,1378.27,0.966,4200.97,51.51,0.334,417.1,6.69,54.76,16.58,88665.84,496.16,3000.0
1056.52,1539.84,1.384,4040.17,123.47,0.392,484.95,9.21,78.48,19.49,87589.13,1430.14,3000.0
1574.26,1485.63,1.304,2251.94,134.6,0.324,217.89,8.33,76.39,13.13,48774.04,1308.09,3000.0
908.51,1598.2,1.11,2240.31,82.58,0.307,157.66,10.98,77.21,13.7,74978.75,1270.44,3000.0
1578.92,1762.1,1.265,6923.84,204.06,0.274,461.64,9.0,79.75,18.78,45026.74,621.0,3000.0
930.21,1639.54,1.391,3683.81,195.06,0.368,393.88,7.77,56.25,14.3,24872.44,1285.63,3000.0
1523.8,1328.96,0.964,5104.86,164.15,0.36,429.86,9.76,60.66,16.49,76125.22,1335.15,3000.0
1269.39,1218.71,0.894,3832.61,133.01,0.308,485.26,7.75,70.08,11.03,20786.2,718.07,3000.0
1595.08,1357.36,1.201,7555.94,188.54,0.254,471.12,10.66,64.51,13.36,52734.61,1447.49,3000.0
951.66,1557.05,1.327,3603.92,66.56,0.376,534.37,8.22,62.55,9.48,46350.34,454.85,3000.0
1287.7,1230.86,1.286,4592.01,175.43,0.252,364.37,9.03,60.73,10.47,75470.2,564.9,3000.0
1578.51,1497.82,1.318,7161.84,65.6,0.356,345.4,6.73,67.81,8.01,81299.64,991.34,3000.0
1266.17,1558.11,0.992,6983.21,176.04,0.396,310.75,8.46,67.27,8.47,44327.57,1033.37,3000.0
1340.58,1400.55,1.336,3179.39,90.5,0.316,211.48,10.33,54.84,19.73,84930.16,1109.67,3000.0
1387.02,1662.55,0.708,6755.33,189.72,0.285,379.04,10.21,64.15,10.91,43513.34,418.67,3000.0
1218.18,1263.96,1.09,4757.48,200.77,0.356,260.81,7.53,66.6,15.96,55706.11,1456.4,3000.0
1339.29,1245.08,0.605,4901.22,69.55,0.373,518.52,7.54,67.11,18.07,78161.48,449.05,3000.0
1309.02,1636.91,0.892,2874.18,121.34,0.332,383.28,10.26,56.3,14.61,75433.62,557.37,3000.0
1530.81,1497.29,0.93,2567.49,206.86,0.395,387.14,10.78,72.27,9.84,98989.48,415.42,3000.0
931.81,1613.04,0.957,6322.05,124.76,0.258,291.97,6.94,50.76,16.74,38012.88,1023.54,3000.0
1096.67,1460.9,1.226,4979.47,187.49,0.326,170.8,8.57,60.64,15.2,72985.43,1425.49,3000.0
1565.29,1347.84,0.95,4633.73,142.14,0.358,162.7,8.05,73.41,16.78,68774.55,1132.54,3000.0
1523.18,1691.46,1.004,6331.15,106.93,0.379,319.33,10.51,66.92,17.24,93207.88,1304.92,3000.0
1218.96,1679.65,0.814,6539.97,92.15,0.277,183.83,6.88,57.83,19.7,32508.97,414.61,3000.0
1334.09,1616.82,0.936,3021.67,78.53,0.37,392.74,7.47,70.85,14.88,80143.85,996.22,3000.0
1094.17,1363.29,0.805,5639.31,170.7,0.333,502.39,9.96,67.02,12.1,65461.49,905.52,3000.0
1031.68,1554.14,0.666,2885.05,108.78,0.309,503.17,6.74,73.89,15.78,41973.27,948.86,3000.0
1224.59,1416.58,1.143,6457.98,129.36,0.27,413.62,8.77,72.05,8.82,57954.79,479.43,3000.0
1147.35,1254.95,1.201,5910.34,126.23,0.38,234.49,8.53,68.3,18.77,46702.13,1152.88,3000.0
1308.56,1750.39,1.158,7648.36,140.25,0.274,495.2,8.04,64.65,9.43,66345.07,953.54,3000.0
954.41,1282.09,1.017,2499.96,187.82,0.296,504.44,8.32,54.0,11.93,91120.05,1241.66,3000.0
1582.08,1770.14,0.942,2430.92,206.82,0.294,228.66,8.94,57.84,17.79,65544.4,933.82,3000.0
1590.35,1467.6,1.377,3736.69,112.25,0.381,444.97,7.24,62.57,15.17,70537.79,564.32,3000.0
